Order_Month,Amount
2023-08,14022.3
2023-09,17104.52
2023-10,26347.28
2023-11,21898.08
2023-12,10461.99
2024-01,12170.71
2024-02,16217.52
2024-03,14183.99
2024-04,13124.24
2024-05,18137.399999999998
2024-06,12710.380000000001
2024-07,13212.51
2024-08,13952.83
2024-09,12434.42
2024-10,15067.59
2024-11,13275.42
2024-12,18402.94
2025-01,17959.079999999998
2025-02,15007.81
2025-03,19238.22
2025-04,14733.470000000001
2025-05,11505.18
2025-06,14781.58
2025-07,13949.76
